code,code_type,oj_point,sector_description,oj_citation,notes
05.10,nace,1,Mining of hard coal,"Commission Delegated Decision (EU) 2019/708 of 15 February 2019, OJ L 120, 8.5.2019, p. 20, Annex point 1 (Article 10b(1) quantitative criteria)",
06.10,nace,1,Extraction of crude petroleum,"Commission Delegated Decision (EU) 2019/708 of 15 February 2019, OJ L 120, 8.5.2019, p. 20, Annex point 1 (Article 10b(1) quantitative criteria)",
07.10,nace,1,Mining of iron ores,"Commission Delegated Decision (EU) 2019/708 of 15 February 2019, OJ L 120, 8.5.2019, p. 20, Annex point 1 (Article 10b(1) quantitative criteria)",
07.29,nace,1,Mining of other non-ferrous metal ores,"Commission Delegated Decision (EU) 2019/708 of 15 February 2019, OJ L 120, 8.5.2019, p. 20, Annex point 1 (Article 10b(1) quantitative criteria)",
08.91,nace,1,Mining of chemical and fertiliser minerals,"Commission Delegated Decision (EU) 2019/708 of 15 February 2019, OJ L 120, 8.5.2019, p. 20, Annex point 1 (Article 10b(1) quantitative criteria)",
08.99,nace,1,Other mining and quarrying n.e.c.,"Commission Delegated Decision (EU) 2019/708 of 15 February 2019, OJ L 120, 8.5.2019, p. 20, Annex point 1 (Article 10b(1) quantitative criteria)",
10.41,nace,1,Manufacture of oils and fats,"Commission Delegated Decision (EU) 2019/708 of 15 February 2019, OJ L 120, 8.5.2019, p. 20, Annex point 1 (Article 10b(1) quantitative criteria)",
10.62,nace,1,Manufacture of starches and starch products,"Commission Delegated Decision (EU) 2019/708 of 15 February 2019, OJ L 120, 8.5.2019, p. 20, Annex point 1 (Article 10b(1) quantitative criteria)",
10.81,nace,1,Manufacture of sugar,"Commission Delegated Decision (EU) 2019/708 of 15 February 2019, OJ L 120, 8.5.2019, p. 20, Annex point 1 (Article 10b(1) quantitative criteria)",
11.06,nace,1,Manufacture of malt,"Commission Delegated Decision (EU) 2019/708 of 15 February 2019, OJ L 120, 8.5.2019, p. 20, Annex point 1 (Article 10b(1) quantitative criteria)",
13.10,nace,1,Preparation and spinning of textile fibres,"Commission Delegated Decision (EU) 2019/708 of 15 February 2019, OJ L 120, 8.5.2019, p. 20, Annex point 1 (Article 10b(1) quantitative criteria)",
13.95,nace,1,"Manufacture of non-wovens and articles made from non-wovens, except apparel","Commission Delegated Decision (EU) 2019/708 of 15 February 2019, OJ L 120, 8.5.2019, p. 20, Annex point 1 (Article 10b(1) quantitative criteria)",
14.11,nace,1,Manufacture of leather clothes,"Commission Delegated Decision (EU) 2019/708 of 15 February 2019, OJ L 120, 8.5.2019, p. 20, Annex point 1 (Article 10b(1) quantitative criteria)",
16.21,nace,1,Manufacture of veneer sheets and wood-based panels,"Commission Delegated Decision (EU) 2019/708 of 15 February 2019, OJ L 120, 8.5.2019, p. 20, Annex point 1 (Article 10b(1) quantitative criteria)",
17.11,nace,1,Manufacture of pulp,"Commission Delegated Decision (EU) 2019/708 of 15 February 2019, OJ L 120, 8.5.2019, p. 20, Annex point 1 (Article 10b(1) quantitative criteria)",
17.12,nace,1,Manufacture of paper and paperboard,"Commission Delegated Decision (EU) 2019/708 of 15 February 2019, OJ L 120, 8.5.2019, p. 20, Annex point 1 (Article 10b(1) quantitative criteria)",
19.10,nace,1,Manufacture of coke oven products,"Commission Delegated Decision (EU) 2019/708 of 15 February 2019, OJ L 120, 8.5.2019, p. 20, Annex point 1 (Article 10b(1) quantitative criteria)",
19.20,nace,1,Manufacture of refined petroleum products,"Commission Delegated Decision (EU) 2019/708 of 15 February 2019, OJ L 120, 8.5.2019, p. 20, Annex point 1 (Article 10b(1) quantitative criteria)",
20.11,nace,1,Manufacture of industrial gases,"Commission Delegated Decision (EU) 2019/708 of 15 February 2019, OJ L 120, 8.5.2019, p. 20, Annex point 1 (Article 10b(1) quantitative criteria)",
20.12,nace,1,Manufacture of dyes and pigments,"Commission Delegated Decision (EU) 2019/708 of 15 February 2019, OJ L 120, 8.5.2019, p. 20, Annex point 1 (Article 10b(1) quantitative criteria)",
20.13,nace,1,Manufacture of other inorganic basic chemicals,"Commission Delegated Decision (EU) 2019/708 of 15 February 2019, OJ L 120, 8.5.2019, p. 20, Annex point 1 (Article 10b(1) quantitative criteria)",
20.14,nace,1,Manufacture of other organic basic chemicals,"Commission Delegated Decision (EU) 2019/708 of 15 February 2019, OJ L 120, 8.5.2019, p. 20, Annex point 1 (Article 10b(1) quantitative criteria)",
20.15,nace,1,Manufacture of fertilisers and nitrogen compounds,"Commission Delegated Decision (EU) 2019/708 of 15 February 2019, OJ L 120, 8.5.2019, p. 20, Annex point 1 (Article 10b(1) quantitative criteria)",
20.16,nace,1,Manufacture of plastics in primary forms,"Commission Delegated Decision (EU) 2019/708 of 15 February 2019, OJ L 120, 8.5.2019, p. 20, Annex point 1 (Article 10b(1) quantitative criteria)",
20.17,nace,1,Manufacture of synthetic rubber in primary forms,"Commission Delegated Decision (EU) 2019/708 of 15 February 2019, OJ L 120, 8.5.2019, p. 20, Annex point 1 (Article 10b(1) quantitative criteria)",
20.60,nace,1,Manufacture of man-made fibres,"Commission Delegated Decision (EU) 2019/708 of 15 February 2019, OJ L 120, 8.5.2019, p. 20, Annex point 1 (Article 10b(1) quantitative criteria)",
23.11,nace,1,Manufacture of flat glass,"Commission Delegated Decision (EU) 2019/708 of 15 February 2019, OJ L 120, 8.5.2019, p. 20, Annex point 1 (Article 10b(1) quantitative criteria)",
23.13,nace,1,Manufacture of hollow glass,"Commission Delegated Decision (EU) 2019/708 of 15 February 2019, OJ L 120, 8.5.2019, p. 20, Annex point 1 (Article 10b(1) quantitative criteria)",
23.14,nace,1,Manufacture of glass fibres,"Commission Delegated Decision (EU) 2019/708 of 15 February 2019, OJ L 120, 8.5.2019, p. 20, Annex point 1 (Article 10b(1) quantitative criteria)",
23.19,nace,1,"Manufacture and processing of other glass, including technical glassware","Commission Delegated Decision (EU) 2019/708 of 15 February 2019, OJ L 120, 8.5.2019, p. 20, Annex point 1 (Article 10b(1) quantitative criteria)",
23.20,nace,1,Manufacture of refractory products,"Commission Delegated Decision (EU) 2019/708 of 15 February 2019, OJ L 120, 8.5.2019, p. 20, Annex point 1 (Article 10b(1) quantitative criteria)",
23.31,nace,1,Manufacture of ceramic tiles and flags,"Commission Delegated Decision (EU) 2019/708 of 15 February 2019, OJ L 120, 8.5.2019, p. 20, Annex point 1 (Article 10b(1) quantitative criteria)",
23.51,nace,1,Manufacture of cement,"Commission Delegated Decision (EU) 2019/708 of 15 February 2019, OJ L 120, 8.5.2019, p. 20, Annex point 1 (Article 10b(1) quantitative criteria)",
23.52,nace,1,Manufacture of lime and plaster,"Commission Delegated Decision (EU) 2019/708 of 15 February 2019, OJ L 120, 8.5.2019, p. 20, Annex point 1 (Article 10b(1) quantitative criteria)",
23.99,nace,1,Manufacture of other non-metallic mineral products n.e.c.,"Commission Delegated Decision (EU) 2019/708 of 15 February 2019, OJ L 120, 8.5.2019, p. 20, Annex point 1 (Article 10b(1) quantitative criteria)",
24.10,nace,1,Manufacture of basic iron and steel and of ferro-alloys,"Commission Delegated Decision (EU) 2019/708 of 15 February 2019, OJ L 120, 8.5.2019, p. 20, Annex point 1 (Article 10b(1) quantitative criteria)",
24.20,nace,1,"Manufacture of tubes, pipes, hollow profiles and related fittings, of steel","Commission Delegated Decision (EU) 2019/708 of 15 February 2019, OJ L 120, 8.5.2019, p. 20, Annex point 1 (Article 10b(1) quantitative criteria)",
24.31,nace,1,Cold drawing of bars,"Commission Delegated Decision (EU) 2019/708 of 15 February 2019, OJ L 120, 8.5.2019, p. 20, Annex point 1 (Article 10b(1) quantitative criteria)",
24.42,nace,1,Aluminium production,"Commission Delegated Decision (EU) 2019/708 of 15 February 2019, OJ L 120, 8.5.2019, p. 20, Annex point 1 (Article 10b(1) quantitative criteria)",
24.43,nace,1,"Lead, zinc and tin production","Commission Delegated Decision (EU) 2019/708 of 15 February 2019, OJ L 120, 8.5.2019, p. 20, Annex point 1 (Article 10b(1) quantitative criteria)",
24.44,nace,1,Copper production,"Commission Delegated Decision (EU) 2019/708 of 15 February 2019, OJ L 120, 8.5.2019, p. 20, Annex point 1 (Article 10b(1) quantitative criteria)",
24.45,nace,1,Other non-ferrous metal production,"Commission Delegated Decision (EU) 2019/708 of 15 February 2019, OJ L 120, 8.5.2019, p. 20, Annex point 1 (Article 10b(1) quantitative criteria)",
24.46,nace,1,Processing of nuclear fuel,"Commission Delegated Decision (EU) 2019/708 of 15 February 2019, OJ L 120, 8.5.2019, p. 20, Annex point 1 (Article 10b(1) quantitative criteria)",
24.51,nace,1,Casting of iron,"Commission Delegated Decision (EU) 2019/708 of 15 February 2019, OJ L 120, 8.5.2019, p. 20, Annex point 1 (Article 10b(1) quantitative criteria)",
08.93,nace,2,Extraction of salt,"Commission Delegated Decision (EU) 2019/708 of 15 February 2019, OJ L 120, 8.5.2019, p. 20, Annex point 2 (Article 10b(2) qualitative criteria)",
13.30,nace,2,Finishing of textiles,"Commission Delegated Decision (EU) 2019/708 of 15 February 2019, OJ L 120, 8.5.2019, p. 20, Annex point 2 (Article 10b(2) qualitative criteria)",
21.10,nace,2,Manufacture of basic pharmaceutical products,"Commission Delegated Decision (EU) 2019/708 of 15 February 2019, OJ L 120, 8.5.2019, p. 20, Annex point 2 (Article 10b(2) qualitative criteria)",
23.41,nace,2,Manufacture of ceramic household and ornamental articles,"Commission Delegated Decision (EU) 2019/708 of 15 February 2019, OJ L 120, 8.5.2019, p. 20, Annex point 2 (Article 10b(2) qualitative criteria)",
23.42,nace,2,Manufacture of ceramic sanitary fixtures,"Commission Delegated Decision (EU) 2019/708 of 15 February 2019, OJ L 120, 8.5.2019, p. 20, Annex point 2 (Article 10b(2) qualitative criteria)",
23.32,nace,3,"Manufacture of bricks, tiles and construction products, in baked clay","Commission Delegated Decision (EU) 2019/708 of 15 February 2019, OJ L 120, 8.5.2019, p. 20, Annex point 3 (Article 10b(3), first subparagraph)",
081221,prodcom,4,Kaolin and other kaolinic clays,"Commission Delegated Decision (EU) 2019/708 of 15 February 2019, OJ L 120, 8.5.2019, p. 20, Annex point 4 (Article 10b(3), fifth subparagraph, Prodcom disaggregation)",
10311130,prodcom,4,"Frozen potatoes, prepared or preserved (including potatoes cooked or partly cooked in oil and then frozen; excluding by vinegar or acetic acid)","Commission Delegated Decision (EU) 2019/708 of 15 February 2019, OJ L 120, 8.5.2019, p. 20, Annex point 4 (Article 10b(3), fifth subparagraph, Prodcom disaggregation)",
10311300,prodcom,4,"Dried potatoes in the form of flour, meal, flakes, granules and pellets","Commission Delegated Decision (EU) 2019/708 of 15 February 2019, OJ L 120, 8.5.2019, p. 20, Annex point 4 (Article 10b(3), fifth subparagraph, Prodcom disaggregation)",
10391725,prodcom,4,Concentrated tomato puree and paste,"Commission Delegated Decision (EU) 2019/708 of 15 February 2019, OJ L 120, 8.5.2019, p. 20, Annex point 4 (Article 10b(3), fifth subparagraph, Prodcom disaggregation)",
105121,prodcom,4,Skimmed milk powder,"Commission Delegated Decision (EU) 2019/708 of 15 February 2019, OJ L 120, 8.5.2019, p. 20, Annex point 4 (Article 10b(3), fifth subparagraph, Prodcom disaggregation)",
105122,prodcom,4,Whole milk powder,"Commission Delegated Decision (EU) 2019/708 of 15 February 2019, OJ L 120, 8.5.2019, p. 20, Annex point 4 (Article 10b(3), fifth subparagraph, Prodcom disaggregation)",
105153,prodcom,4,Casein,"Commission Delegated Decision (EU) 2019/708 of 15 February 2019, OJ L 120, 8.5.2019, p. 20, Annex point 4 (Article 10b(3), fifth subparagraph, Prodcom disaggregation)",
105154,prodcom,4,Lactose and lactose syrup,"Commission Delegated Decision (EU) 2019/708 of 15 February 2019, OJ L 120, 8.5.2019, p. 20, Annex point 4 (Article 10b(3), fifth subparagraph, Prodcom disaggregation)",
10515530,prodcom,4,"Whey and modified whey in powder, granules or other solid forms, whether or not concentrated or containing added sweetening matter","Commission Delegated Decision (EU) 2019/708 of 15 February 2019, OJ L 120, 8.5.2019, p. 20, Annex point 4 (Article 10b(3), fifth subparagraph, Prodcom disaggregation)",
10891334,prodcom,4,Bakers' yeast,"Commission Delegated Decision (EU) 2019/708 of 15 February 2019, OJ L 120, 8.5.2019, p. 20, Annex point 4 (Article 10b(3), fifth subparagraph, Prodcom disaggregation)",
20302150,prodcom,4,"Vitrifiable enamels and glazes, engobes (slips) and similar preparations for ceramics, enamelling or glass","Commission Delegated Decision (EU) 2019/708 of 15 February 2019, OJ L 120, 8.5.2019, p. 20, Annex point 4 (Article 10b(3), fifth subparagraph, Prodcom disaggregation)",
20302170,prodcom,4,Liquid lustres and similar preparations; glass frit and other glass in powder; granules or flakes,"Commission Delegated Decision (EU) 2019/708 of 15 February 2019, OJ L 120, 8.5.2019, p. 20, Annex point 4 (Article 10b(3), fifth subparagraph, Prodcom disaggregation)",
25501134,prodcom,4,"Open die forged ferrous parts for transmission shafts, camshafts, crankshafts and cranks etc.","Commission Delegated Decision (EU) 2019/708 of 15 February 2019, OJ L 120, 8.5.2019, p. 20, Annex point 4 (Article 10b(3), fifth subparagraph, Prodcom disaggregation)",
